user_id,version,1 - arrivée souscription,2 - estimateur,3 - devis & info persos,4 - services & options,5 - PCE / PDL,6 - Facturation & paiement,7 - Récap,8 - Fini !,phonenumber,has_elec,has_gas,elec_annual_consumption,gas_annual_consumption
0,A,True,True,True,True,True,False,False,False,01 33 31 78 10,True,True,1401.0,3549.0
1,B,True,True,True,True,True,True,True,False,+33 1 73 08 84 11,True,False,4855.0,
2,A,True,True,True,True,True,True,True,True,+33 2 09 47 92 12,True,False,3206.0,
3,A,True,True,True,True,True,True,True,True,04 04 88 08 83,True,True,1430.0,3528.0
4,B,True,True,False,False,False,False,False,False,,False,False,,
5,A,True,True,True,True,True,True,True,True,+33 2 20 90 06 93,True,False,3248.0,
6,B,True,True,True,True,True,True,True,True,07 89 80 07 12,True,False,4700.0,
7,A,True,True,False,False,False,False,False,False,,False,False,,
8,B,True,True,True,True,True,False,False,False,+33 6 61 61 31 61,True,False,4848.0,
9,B,True,True,True,True,True,True,True,True,02 92 62 83 24,True,False,4603.0,
10,A,True,True,True,True,True,True,True,False,03 65 60 18 24,True,False,3401.0,
11,A,True,True,True,True,False,False,False,False,+33 1 12 47 21 50,True,False,4652.0,
12,A,True,True,True,False,False,False,False,False,,False,False,,
13,B,True,True,True,True,True,True,False,False,+33 6 68 99 48 73,True,False,3959.0,
14,A,True,True,True,True,True,True,True,True,+33 2 03 48 60 38,True,False,3890.0,
15,A,True,False,False,False,False,False,False,False,,False,False,,
16,A,True,True,False,False,False,False,False,False,,False,False,,
17,B,True,True,False,False,False,False,False,False,,False,False,,
18,A,True,True,True,True,True,False,False,False,+33 7 56 08 57 95,True,False,4912.0,
19,A,True,True,False,False,False,False,False,False,,False,False,,
20,A,True,True,True,True,True,True,True,True,02 46 54 57 96,True,False,4837.0,
21,B,True,False,False,False,False,False,False,False,,False,False,,
22,B,True,True,True,True,True,False,False,False,03 36 56 38 97,True,False,4603.0,
23,B,True,True,True,True,True,False,False,False,03 12 35 45 09,True,False,4269.0,
24,A,True,True,True,True,True,False,False,False,01 64 21 87 19,True,False,3496.0,
25,B,True,True,True,True,True,True,True,True,04 46 65 57 24,True,True,1408.0,3109.0
26,A,True,True,True,True,True,True,True,True,+33 6 61 34 79 59,True,False,3449.0,
27,B,True,True,True,True,True,False,False,False,+33 3 77 62 53 28,False,True,,3069.0
28,B,True,True,True,True,True,True,True,True,+33 6 96 63 56 57,True,True,1281.0,3523.0
29,B,True,True,True,False,False,False,False,False,,False,False,,
30,A,True,True,True,True,False,False,False,False,06 32 20 65 35,True,False,4187.0,
31,A,True,True,True,True,True,True,True,True,03 33 03 09 01,True,False,3098.0,
32,B,True,True,True,True,True,True,True,True,06 62 66 38 09,True,False,4158.0,
33,B,True,False,False,False,False,False,False,False,,False,False,,
34,A,True,True,True,True,True,False,False,False,+33 2 82 65 56 13,True,False,4158.0,
35,A,True,True,False,False,False,False,False,False,,False,False,,
36,A,True,True,True,True,True,False,False,False,02 11 34 36 50,True,False,3969.0,
37,B,True,False,False,False,False,False,False,False,,False,False,,
38,A,True,True,True,True,True,False,False,False,+33 3 89 39 65 54,True,True,1674.0,3036.0
39,B,True,True,True,True,True,False,False,False,+33 6 54 21 85 56,True,False,4474.0,
40,B,True,False,False,False,False,False,False,False,,False,False,,
41,A,True,True,True,True,True,True,True,True,06 34 18 75 16,True,False,4340.0,
42,A,True,True,True,False,False,False,False,False,,False,False,,
43,A,True,True,False,False,False,False,False,False,,False,False,,
44,A,True,True,False,False,False,False,False,False,,False,False,,
45,B,True,True,True,True,True,True,False,False,06 74 78 72 15,True,False,4689.0,
46,B,True,True,True,True,True,True,True,True,03 92 36 83 99,True,False,3922.0,
47,B,True,True,True,True,True,False,False,False,+33 3 05 65 39 51,True,False,3320.0,
48,A,True,True,True,True,True,False,False,False,+33 3 76 58 38 62,True,True,1742.0,3879.0
49,A,True,True,True,True,True,False,False,False,01 52 49 81 12,True,False,4448.0,
50,B,True,True,True,True,True,False,False,False,02 46 42 15 14,True,False,3106.0,
51,B,True,True,True,True,True,False,False,False,03 76 92 30 16,True,False,3076.0,
52,B,True,False,False,False,False,False,False,False,,False,False,,
53,A,True,False,False,False,False,False,False,False,,False,False,,
54,B,True,True,True,True,False,False,False,False,02 80 33 92 54,True,False,3021.0,
55,A,True,True,True,True,True,False,False,False,02 16 15 00 33,True,True,1884.0,3757.0
56,A,True,True,True,True,True,True,True,True,+33 2 22 92 22 70,True,False,4010.0,
57,A,True,True,True,True,True,True,True,True,+33 1 11 14 21 43,False,True,,3246.0
58,A,True,True,True,True,True,True,False,False,+33 3 13 54 40 89,True,True,1841.0,3170.0
59,B,True,True,True,True,True,False,False,False,06 11 21 66 34,True,False,4906.0,
60,B,True,True,True,True,True,True,True,True,+33 6 27 30 86 00,True,True,1126.0,3508.0
61,A,True,True,True,True,True,False,False,False,03 30 43 58 57,True,False,4262.0,
62,B,True,True,True,True,True,True,True,False,03 15 13 13 76,True,False,3919.0,
63,A,True,True,True,True,True,True,True,True,03 48 67 77 96,True,True,1453.0,3083.0
64,A,True,True,True,True,False,False,False,False,+33 1 10 74 07 89,True,True,1044.0,3052.0
65,B,True,True,False,False,False,False,False,False,,False,False,,
66,A,True,True,True,True,True,False,False,False,02 85 43 22 53,True,False,3361.0,
67,B,True,True,True,True,True,True,True,True,06 73 42 66 68,True,True,1017.0,3945.0
68,A,True,True,True,True,True,True,False,False,04 86 77 24 43,True,True,1340.0,3133.0
69,A,True,True,True,True,False,False,False,False,+33 2 43 44 45 50,True,False,3397.0,
70,A,True,True,True,True,True,True,True,True,06 76 65 96 29,False,True,,3098.0
71,B,True,True,True,True,False,False,False,False,06 90 60 62 68,True,False,4838.0,
72,A,True,True,True,False,False,False,False,False,,False,False,,
73,B,True,False,False,False,False,False,False,False,,False,False,,
74,B,True,True,True,True,False,False,False,False,03 73 17 02 57,True,False,3006.0,
75,A,True,True,True,True,False,False,False,False,+33 7 05 51 98 11,True,False,4848.0,
76,B,True,True,True,True,True,True,True,True,03 55 93 90 13,True,False,3315.0,
77,B,True,True,True,True,True,True,True,True,+33 1 40 16 08 62,True,False,3807.0,
78,A,True,True,True,True,True,True,True,True,07 87 33 78 09,True,False,4853.0,
79,B,True,False,False,False,False,False,False,False,,False,False,,
80,B,True,False,False,False,False,False,False,False,,False,False,,
81,A,True,True,False,False,False,False,False,False,,False,False,,
82,A,True,True,True,True,True,True,True,True,+33 3 08 04 35 48,True,True,1620.0,3593.0
83,B,True,True,False,False,False,False,False,False,,False,False,,
84,A,True,True,False,False,False,False,False,False,,False,False,,
85,B,True,True,True,True,True,True,True,True,+33 4 43 41 55 71,True,False,3125.0,
86,B,True,True,True,True,True,True,True,True,06 73 16 53 69,True,True,1852.0,3561.0
87,B,True,True,True,True,True,False,False,False,+33 4 87 15 68 45,False,True,,3237.0
88,B,True,True,True,True,False,False,False,False,+33 1 93 11 10 72,True,False,3947.0,
89,B,True,True,True,True,True,True,False,False,01 88 32 18 41,True,True,1222.0,3142.0
90,A,True,True,True,True,True,True,True,True,+33 4 10 48 24 54,True,False,3563.0,
91,A,True,True,True,True,True,False,False,False,01 91 74 11 32,True,False,4720.0,
92,A,True,True,True,False,False,False,False,False,,False,False,,
93,B,True,False,False,False,False,False,False,False,,False,False,,
94,A,True,True,False,False,False,False,False,False,,False,False,,
95,B,True,True,True,True,True,False,False,False,+33 6 51 88 36 63,True,False,3326.0,
96,B,True,False,False,False,False,False,False,False,,False,False,,
97,B,True,True,True,True,False,False,False,False,+33 6 27 48 35 48,True,False,4772.0,
98,A,True,True,True,True,False,False,False,False,+33 1 46 30 17 38,True,False,3420.0,
99,B,True,True,False,False,False,False,False,False,,False,False,,
100,B,True,True,True,True,True,True,True,True,+33 4 14 77 18 64,True,False,3422.0,
101,B,True,True,True,True,True,True,True,True,+33 6 33 79 13 14,True,False,3164.0,
102,A,True,True,True,True,False,False,False,False,06 87 23 64 46,False,True,,3053.0
103,B,True,True,True,True,True,True,True,True,+33 1 19 95 39 92,True,True,1760.0,3428.0
104,B,True,True,True,True,True,False,False,False,+33 6 35 42 95 24,True,True,1115.0,3440.0
105,A,True,True,True,True,True,False,False,False,+33 6 67 13 76 47,True,False,4245.0,
106,A,True,True,False,False,False,False,False,False,,False,False,,
107,B,True,True,False,False,False,False,False,False,,False,False,,
108,B,True,True,True,True,True,True,True,True,04 84 34 86 03,True,False,4502.0,
109,A,True,False,False,False,False,False,False,False,,False,False,,
110,A,True,True,False,False,False,False,False,False,,False,False,,
111,B,True,False,False,False,False,False,False,False,,False,False,,
112,A,True,True,True,True,True,False,False,False,+33 6 97 96 67 73,True,False,4765.0,
113,A,True,True,True,False,False,False,False,False,,False,False,,
114,B,True,True,False,False,False,False,False,False,,False,False,,
115,B,True,True,False,False,False,False,False,False,,False,False,,
116,B,True,True,True,True,False,False,False,False,+33 1 07 37 16 63,True,False,3377.0,
117,B,True,True,True,True,True,True,True,True,+33 6 26 48 60 64,True,False,3661.0,
118,B,True,True,True,True,False,False,False,False,+33 4 60 45 38 21,True,True,1759.0,3044.0
119,A,True,False,False,False,False,False,False,False,,False,False,,
120,A,True,True,False,False,False,False,False,False,,False,False,,
121,A,True,True,True,True,False,False,False,False,+33 1 01 95 74 34,True,False,3714.0,
122,B,True,True,True,True,False,False,False,False,+33 2 95 24 20 69,True,False,3379.0,
123,A,True,True,True,False,False,False,False,False,,False,False,,
124,A,True,True,True,True,False,False,False,False,01 26 07 80 21,True,False,3234.0,
125,A,True,False,False,False,False,False,False,False,,False,False,,
126,A,True,True,False,False,False,False,False,False,,False,False,,
127,B,True,True,True,True,True,True,False,False,04 47 36 48 50,True,True,1501.0,3038.0
128,A,True,True,True,True,True,False,False,False,04 00 32 06 04,True,False,3944.0,
129,A,True,True,True,True,True,False,False,False,06 46 26 33 61,True,False,4861.0,
130,A,True,False,False,False,False,False,False,False,,False,False,,
131,A,True,True,True,True,True,True,True,True,+33 1 92 93 00 21,False,True,,3957.0
132,B,True,False,False,False,False,False,False,False,,False,False,,
133,B,True,True,True,True,False,False,False,False,+33 1 77 21 80 11,True,True,1078.0,3149.0
134,B,True,True,True,True,True,True,True,True,06 19 64 14 21,True,True,1948.0,3956.0
135,A,True,True,False,False,False,False,False,False,,False,False,,
136,A,True,True,True,True,True,False,False,False,06 23 64 93 90,True,True,1436.0,3080.0
137,A,True,True,True,True,True,False,False,False,+33 2 35 49 67 54,True,False,4214.0,
138,B,True,True,True,False,False,False,False,False,,False,False,,
139,B,True,True,True,True,True,True,False,False,04 47 81 12 46,True,False,3643.0,
140,A,True,True,True,True,True,True,True,True,+33 3 01 36 73 53,True,False,4153.0,
141,A,True,True,True,False,False,False,False,False,,False,False,,
142,A,True,True,False,False,False,False,False,False,,False,False,,
143,A,True,False,False,False,False,False,False,False,,False,False,,
144,A,True,True,True,False,False,False,False,False,,False,False,,
145,A,True,True,True,True,True,True,True,True,+33 6 20 56 03 28,True,False,3543.0,
146,B,True,True,True,False,False,False,False,False,,False,False,,
147,A,True,True,True,True,True,True,True,True,02 63 81 95 39,True,False,3091.0,
148,A,True,True,True,True,True,True,True,True,02 01 63 11 18,True,False,4801.0,
149,A,True,True,False,False,False,False,False,False,,False,False,,
150,B,True,True,True,True,True,True,True,True,+33 6 45 43 59 35,True,False,4407.0,
151,B,True,True,True,True,True,True,True,True,+33 6 02 76 43 69,True,False,3855.0,
152,A,True,True,True,False,False,False,False,False,,False,False,,
153,B,True,False,False,False,False,False,False,False,,False,False,,
154,B,True,True,True,True,True,False,False,False,02 23 59 02 98,True,True,1526.0,3465.0
155,A,True,False,False,False,False,False,False,False,,False,False,,
156,A,True,True,True,True,True,False,False,False,06 79 69 78 82,True,False,3995.0,
157,A,True,True,False,False,False,False,False,False,,False,False,,
158,A,True,True,True,False,False,False,False,False,,False,False,,
159,B,True,True,True,True,True,False,False,False,+33 3 27 25 60 94,True,False,4782.0,
160,B,True,True,True,True,True,False,False,False,+33 2 79 36 93 62,True,False,3001.0,
161,B,True,True,True,True,True,True,True,True,+33 1 17 11 94 03,True,True,1838.0,3520.0
162,A,True,True,True,False,False,False,False,False,,False,False,,
163,B,True,True,True,True,True,False,False,False,+33 7 05 77 16 31,True,False,3895.0,
164,A,True,True,False,False,False,False,False,False,,False,False,,
165,B,True,True,True,True,True,False,False,False,01 34 43 21 26,True,True,1903.0,3426.0
166,B,True,True,True,True,True,False,False,False,04 12 57 48 42,True,False,4776.0,
167,A,True,True,True,True,False,False,False,False,07 36 88 72 90,False,True,,3243.0
168,A,True,True,True,True,True,True,True,True,03 14 20 19 93,True,True,1025.0,3359.0
169,A,True,False,False,False,False,False,False,False,,False,False,,
170,B,True,True,True,True,True,True,True,True,01 10 31 11 12,True,False,3658.0,
171,B,True,True,True,True,True,True,True,True,+33 7 86 05 30 82,True,False,4462.0,
172,A,True,True,False,False,False,False,False,False,,False,False,,
173,A,True,True,False,False,False,False,False,False,,False,False,,
174,A,True,True,True,True,False,False,False,False,03 60 48 36 33,True,True,1824.0,3280.0
175,A,True,True,True,True,False,False,False,False,+33 7 83 68 78 36,True,False,3848.0,
176,A,True,True,True,True,False,False,False,False,+33 2 95 96 47 12,True,True,1454.0,3860.0
177,B,True,True,False,False,False,False,False,False,,False,False,,
178,B,True,True,True,True,True,True,True,True,01 17 13 35 15,True,True,1348.0,3241.0
179,B,True,True,True,True,True,True,False,False,02 95 23 46 02,True,False,4981.0,
180,A,True,True,True,True,True,False,False,False,01 51 93 72 79,True,False,3151.0,
181,B,True,True,True,True,True,True,True,True,+33 1 41 11 11 72,True,False,3000.0,
182,B,True,True,True,True,True,True,True,True,+33 4 06 37 10 81,True,False,3605.0,
183,B,True,True,False,False,False,False,False,False,,False,False,,
184,B,True,True,True,True,True,True,True,True,+33 7 89 88 31 38,True,False,3578.0,
185,A,True,True,True,True,True,True,True,True,+33 1 46 61 09 96,True,False,3713.0,
186,B,True,False,False,False,False,False,False,False,,False,False,,
187,B,True,True,True,True,True,True,True,True,+33 7 57 02 37 57,True,False,4840.0,
188,A,True,True,True,True,True,False,False,False,+33 3 43 17 43 17,False,True,,3744.0
189,A,True,True,False,False,False,False,False,False,,False,False,,
190,B,True,True,False,False,False,False,False,False,,False,False,,
191,A,True,True,False,False,False,False,False,False,,False,False,,
192,A,True,True,False,False,False,False,False,False,,False,False,,
193,B,True,True,True,True,False,False,False,False,+33 7 71 99 67 35,True,False,4167.0,
194,B,True,True,True,True,True,True,True,True,02 21 07 52 74,True,False,3767.0,
195,B,True,True,True,True,True,True,True,True,+33 7 87 25 07 76,True,False,3535.0,
196,B,True,True,True,True,True,True,True,True,+33 2 41 25 26 23,True,True,1527.0,3253.0
197,B,True,True,True,True,True,True,True,True,+33 3 37 31 65 96,True,False,4185.0,
198,A,True,True,False,False,False,False,False,False,,False,False,,
199,B,True,True,False,False,False,False,False,False,,False,False,,
200,A,True,True,False,False,False,False,False,False,,False,False,,
201,A,True,True,True,True,True,True,True,True,03 70 08 33 19,True,False,4041.0,
202,A,True,True,True,True,True,True,True,True,02 97 60 21 22,True,False,4554.0,
203,A,True,True,True,True,True,False,False,False,+33 3 17 73 99 86,True,False,3046.0,
204,A,True,True,True,True,True,True,True,True,+33 1 54 18 09 91,True,False,4858.0,
205,A,True,True,True,True,True,False,False,False,+33 7 18 53 16 89,True,True,1011.0,3156.0
206,A,True,False,False,False,False,False,False,False,,False,False,,
207,B,True,True,False,False,False,False,False,False,,False,False,,
208,B,True,True,True,True,True,True,True,True,+33 3 06 09 37 45,True,False,4765.0,
209,A,True,True,True,True,True,True,True,True,+33 4 48 77 44 38,True,False,4844.0,
210,B,True,True,True,True,False,False,False,False,+33 6 86 45 36 55,True,False,4106.0,
211,B,True,True,True,True,True,True,False,False,+33 3 75 22 90 44,True,False,4644.0,
212,B,True,True,True,True,True,True,True,True,+33 6 95 70 76 97,True,False,3842.0,
213,A,True,True,False,False,False,False,False,False,,False,False,,
214,B,True,False,False,False,False,False,False,False,,False,False,,
215,A,True,True,True,True,True,False,False,False,+33 4 53 03 36 37,True,True,1483.0,3040.0
216,B,True,True,True,True,True,False,False,False,+33 7 82 77 78 77,True,False,4355.0,
217,B,True,True,True,True,True,True,True,True,07 15 06 81 16,True,False,3731.0,
218,B,True,True,True,False,False,False,False,False,,False,False,,
219,A,True,True,True,False,False,False,False,False,,False,False,,
220,A,True,True,True,True,True,True,True,True,06 97 24 75 27,True,False,3652.0,
221,B,True,True,True,True,True,False,False,False,06 64 75 25 63,False,True,,3386.0
222,B,True,True,False,False,False,False,False,False,,False,False,,
223,A,True,True,True,True,True,True,True,True,+33 1 90 42 08 78,True,False,3646.0,
224,A,True,False,False,False,False,False,False,False,,False,False,,
225,B,True,True,True,True,True,True,False,False,01 28 79 30 07,True,False,3578.0,
226,A,True,True,True,True,False,False,False,False,02 69 90 40 21,True,False,4687.0,
227,B,True,False,False,False,False,False,False,False,,False,False,,
228,A,True,True,False,False,False,False,False,False,,False,False,,
229,A,True,True,True,True,False,False,False,False,+33 4 68 30 33 11,True,False,4323.0,
230,B,True,True,True,True,True,True,True,True,03 18 65 76 23,True,False,4979.0,
231,A,True,True,True,True,False,False,False,False,02 56 26 30 28,True,False,3296.0,
232,B,True,True,True,True,True,True,True,True,02 44 42 99 25,True,False,4933.0,
233,B,True,True,True,True,False,False,False,False,01 84 82 20 83,True,False,3307.0,
234,A,True,True,True,True,True,True,True,True,06 57 81 29 67,True,False,4215.0,
235,B,True,True,True,True,True,False,False,False,04 04 44 80 30,True,True,1645.0,3749.0
236,A,True,True,False,False,False,False,False,False,,False,False,,
237,A,True,True,True,True,True,True,True,True,01 37 29 61 14,True,False,3945.0,
238,B,True,True,True,True,True,True,True,True,07 50 21 07 92,True,True,1285.0,3574.0
239,A,True,True,False,False,False,False,False,False,,False,False,,
240,A,True,True,True,False,False,False,False,False,,False,False,,
241,A,True,True,True,True,True,True,True,True,01 93 28 40 11,False,True,,3157.0
242,A,True,True,True,True,True,True,True,True,+33 7 75 71 21 65,True,False,4561.0,
243,B,True,True,True,True,True,True,True,True,06 45 60 98 92,True,False,4736.0,
244,A,True,True,False,False,False,False,False,False,,False,False,,
245,A,True,True,True,True,False,False,False,False,+33 6 56 08 64 87,True,False,4320.0,
246,B,True,False,False,False,False,False,False,False,,False,False,,
247,A,True,True,True,True,True,True,True,True,+33 6 66 16 45 39,True,False,4361.0,
248,B,True,True,True,True,True,True,True,False,01 02 07 78 43,True,True,1924.0,3879.0
249,A,True,True,True,True,True,False,False,False,+33 7 75 22 27 07,True,True,1176.0,3643.0
250,A,True,True,True,True,True,True,True,True,+33 7 25 97 72 27,False,True,,3611.0
251,B,True,True,True,True,True,True,True,True,02 96 92 12 44,True,True,1360.0,3531.0
252,B,True,True,True,True,True,True,True,False,+33 4 00 03 46 56,True,False,4112.0,
253,A,True,False,False,False,False,False,False,False,,False,False,,
254,B,True,True,True,False,False,False,False,False,,False,False,,
255,A,True,True,False,False,False,False,False,False,,False,False,,
256,B,True,False,False,False,False,False,False,False,,False,False,,
257,B,True,True,False,False,False,False,False,False,,False,False,,
258,B,True,True,True,True,True,True,True,True,+33 7 12 86 18 39,True,False,3427.0,
259,B,True,True,True,True,True,False,False,False,+33 4 04 05 37 51,True,True,1732.0,3100.0
260,B,True,True,True,True,True,False,False,False,+33 7 93 65 23 26,True,False,4551.0,
261,A,True,True,True,True,True,True,True,True,03 45 78 22 61,True,True,1449.0,3687.0
262,A,True,True,True,True,True,True,True,True,06 44 13 84 63,True,False,4770.0,
263,A,True,True,True,True,True,True,True,True,+33 1 64 87 91 67,True,True,1729.0,3523.0
264,B,True,True,True,True,True,False,False,False,+33 7 70 73 06 67,False,True,,3829.0
265,B,True,True,False,False,False,False,False,False,,False,False,,
266,B,True,True,True,False,False,False,False,False,,False,False,,
267,A,True,True,True,True,False,False,False,False,03 83 74 33 19,True,False,3989.0,
268,B,True,True,False,False,False,False,False,False,,False,False,,
269,A,True,True,False,False,False,False,False,False,,False,False,,
270,A,True,True,True,False,False,False,False,False,,False,False,,
271,B,True,True,True,True,True,True,False,False,+33 1 90 93 43 21,True,False,3600.0,
272,B,True,True,True,True,True,True,True,True,01 11 23 37 71,True,False,3725.0,
273,A,True,True,True,True,True,True,True,True,03 38 76 61 89,True,False,4027.0,
274,A,True,True,True,True,True,False,False,False,+33 4 72 47 33 36,False,True,,3948.0
275,A,True,True,True,True,False,False,False,False,+33 3 67 99 30 63,True,False,3112.0,
276,A,True,True,True,True,True,False,False,False,+33 1 42 12 40 73,True,False,3316.0,
277,B,True,True,True,True,True,True,True,True,+33 4 44 41 81 66,False,True,,3517.0
278,B,True,False,False,False,False,False,False,False,,False,False,,
279,B,True,True,True,True,True,True,True,True,01 50 54 48 78,True,False,3625.0,
280,B,True,True,True,True,True,False,False,False,06 67 52 68 19,True,False,3617.0,
281,B,True,True,True,True,True,False,False,False,+33 1 02 25 09 35,True,False,3330.0,
282,A,True,True,True,True,True,True,True,True,02 93 23 72 53,True,False,4176.0,
283,B,True,True,True,True,False,False,False,False,02 05 29 24 24,True,True,1112.0,3414.0
284,A,True,True,True,True,True,False,False,False,+33 7 79 28 15 59,True,True,1492.0,3789.0
285,B,True,True,False,False,False,False,False,False,,False,False,,
286,B,True,True,True,True,False,False,False,False,01 85 51 19 84,True,True,1126.0,3928.0
287,B,True,True,True,True,False,False,False,False,+33 7 55 36 35 77,True,True,1783.0,3005.0
288,A,True,True,False,False,False,False,False,False,,False,False,,
289,A,True,True,True,True,False,False,False,False,+33 6 86 25 46 66,True,False,4631.0,
290,A,True,True,True,True,True,True,True,True,+33 1 12 90 91 23,True,True,1405.0,3075.0
291,B,True,True,True,True,True,False,False,False,03 10 60 53 03,True,False,4507.0,
292,B,True,True,True,True,True,True,True,True,06 98 63 43 28,True,False,3779.0,
293,B,True,True,True,True,True,True,True,True,+33 2 21 14 05 64,True,True,1117.0,3479.0
294,B,True,False,False,False,False,False,False,False,,False,False,,
295,A,True,True,True,True,True,True,True,True,+33 2 90 11 71 26,True,True,1537.0,3249.0
296,B,True,True,True,True,True,True,True,True,06 98 36 65 44,True,False,4227.0,
297,A,True,True,True,True,True,True,True,True,01 09 30 24 05,True,False,3485.0,
298,B,True,True,False,False,False,False,False,False,,False,False,,
299,B,True,True,True,True,True,True,True,True,+33 6 73 46 40 95,True,False,3307.0,
300,B,True,True,False,False,False,False,False,False,,False,False,,
301,A,True,True,True,True,True,True,True,True,07 53 83 58 33,True,False,4205.0,
302,B,True,True,True,True,True,True,True,True,+33 1 10 52 05 32,True,True,1140.0,3540.0
303,A,True,True,True,True,True,True,True,True,+33 6 64 28 64 40,True,False,3678.0,
304,A,True,True,True,True,True,False,False,False,03 04 54 45 88,True,False,3110.0,
305,B,True,True,True,True,False,False,False,False,01 30 39 46 64,True,True,1981.0,3590.0
306,B,True,True,True,True,True,True,True,True,+33 6 26 64 66 13,True,True,1627.0,3504.0
307,A,True,False,False,False,False,False,False,False,,False,False,,
308,B,True,True,False,False,False,False,False,False,,False,False,,
309,A,True,True,True,True,True,True,True,True,03 35 98 00 96,True,False,3525.0,
310,A,True,True,True,True,True,True,True,True,03 27 80 48 92,True,True,1887.0,3236.0
311,B,True,True,True,True,True,True,True,True,06 44 70 96 05,True,False,4287.0,
312,B,True,True,False,False,False,False,False,False,,False,False,,
313,A,True,True,True,True,True,False,False,False,+33 6 58 38 46 74,True,True,1778.0,3483.0
314,A,True,True,True,True,False,False,False,False,01 93 44 66 99,True,True,1938.0,3612.0
315,B,True,False,False,False,False,False,False,False,,False,False,,
316,B,True,True,True,True,True,True,True,True,+33 6 79 68 30 26,True,False,4138.0,
317,B,True,False,False,False,False,False,False,False,,False,False,,
318,B,True,True,True,True,True,True,False,False,02 21 56 15 50,True,False,4067.0,
319,A,True,True,True,True,False,False,False,False,03 58 55 54 45,True,False,4720.0,
320,B,True,True,True,True,True,True,True,True,+33 2 05 45 95 86,True,False,3570.0,
321,A,True,True,True,True,True,False,False,False,+33 4 64 65 74 02,True,True,1351.0,3754.0
322,A,True,True,True,True,True,True,True,False,+33 6 60 54 53 06,True,False,3221.0,
323,A,True,True,True,True,True,True,True,True,07 61 53 79 30,True,False,3533.0,
324,A,True,True,True,False,False,False,False,False,,False,False,,
325,B,True,True,True,True,True,False,False,False,+33 6 36 43 67 30,True,True,1997.0,3963.0
326,A,True,True,True,True,True,False,False,False,03 30 74 01 35,False,True,,3249.0
327,B,True,True,False,False,False,False,False,False,,False,False,,
328,B,True,False,False,False,False,False,False,False,,False,False,,
329,A,True,True,False,False,False,False,False,False,,False,False,,
330,A,True,True,True,True,True,False,False,False,+33 2 62 34 62 73,True,False,3494.0,
331,A,True,True,True,True,True,False,False,False,03 57 08 03 94,True,False,3776.0,
332,A,True,True,True,True,True,True,False,False,+33 2 30 14 32 30,True,True,1312.0,3029.0
333,A,True,True,True,True,True,True,True,True,06 67 80 62 69,True,True,1035.0,3097.0
334,B,True,True,True,True,True,True,True,True,02 45 11 44 89,True,True,1905.0,3888.0
335,A,True,True,True,True,True,True,True,False,06 57 49 28 79,True,True,1710.0,3089.0
336,A,True,True,True,True,True,True,True,True,+33 2 61 33 38 21,True,False,3102.0,
337,B,True,False,False,False,False,False,False,False,,False,False,,
338,B,True,True,True,True,True,False,False,False,06 40 24 32 23,True,True,1504.0,3076.0
339,B,True,True,True,True,True,True,True,True,04 73 40 01 27,True,False,4620.0,
340,A,True,True,True,False,False,False,False,False,,False,False,,
341,B,True,True,True,True,True,False,False,False,+33 3 51 48 59 02,True,False,4483.0,
342,B,True,True,True,True,True,True,True,True,01 17 19 63 22,True,True,1583.0,3306.0
343,A,True,True,False,False,False,False,False,False,,False,False,,
344,A,True,True,True,True,False,False,False,False,02 94 35 17 06,True,True,1614.0,3548.0
345,A,True,True,True,True,True,True,True,True,01 95 48 21 12,True,False,4766.0,
346,B,True,True,True,True,True,True,True,True,+33 3 19 14 50 25,True,False,3899.0,
347,B,True,True,True,True,True,True,True,True,+33 3 44 41 10 03,True,False,4441.0,
348,A,True,True,True,True,False,False,False,False,02 92 24 99 15,True,True,1457.0,3401.0
349,B,True,True,True,True,True,True,True,True,+33 1 18 89 58 95,True,False,3889.0,
350,A,True,True,True,True,False,False,False,False,+33 6 52 43 66 85,True,False,4645.0,
351,B,True,True,True,True,True,True,True,True,+33 1 32 91 42 11,True,False,4768.0,
352,A,True,True,True,True,True,True,True,True,+33 4 12 27 17 47,True,False,4884.0,
353,A,True,True,True,True,True,True,True,True,06 32 48 08 60,True,True,1927.0,3330.0
354,A,True,True,False,False,False,False,False,False,,False,False,,
355,B,True,True,True,True,True,True,True,True,04 48 28 35 42,True,False,3670.0,
356,A,True,True,True,True,True,True,True,True,01 71 76 17 77,True,False,3714.0,
357,B,True,True,False,False,False,False,False,False,,False,False,,
358,B,True,True,True,True,True,True,True,True,+33 6 73 26 52 31,True,False,4537.0,
359,B,True,True,True,True,False,False,False,False,+33 2 28 84 55 16,True,True,1477.0,3017.0
360,B,True,True,False,False,False,False,False,False,,False,False,,
361,B,True,True,True,True,True,True,True,True,06 68 55 29 96,True,True,1647.0,3952.0
362,A,True,True,False,False,False,False,False,False,,False,False,,
363,B,True,True,True,True,False,False,False,False,+33 7 97 15 13 65,True,False,3050.0,
364,B,True,True,False,False,False,False,False,False,,False,False,,
365,B,True,True,False,False,False,False,False,False,,False,False,,
366,A,True,True,True,True,True,True,True,True,02 59 80 52 80,True,True,1420.0,3085.0
367,B,True,True,True,False,False,False,False,False,,False,False,,
368,B,True,True,False,False,False,False,False,False,,False,False,,
369,B,True,True,True,True,False,False,False,False,04 25 60 13 05,True,False,3779.0,
370,A,True,True,True,True,True,True,True,True,07 73 02 05 17,True,False,3716.0,
371,B,True,True,True,True,True,True,False,False,+33 6 97 86 38 88,True,False,3804.0,
372,A,True,True,True,True,True,True,True,True,06 63 17 15 66,True,False,4251.0,
373,B,True,False,False,False,False,False,False,False,,False,False,,
374,B,True,True,True,True,True,True,False,False,04 21 43 04 04,True,False,4212.0,
375,B,True,True,True,True,True,False,False,False,+33 3 76 61 28 29,True,False,4341.0,
376,B,True,True,True,True,True,False,False,False,01 80 18 39 72,True,False,3416.0,
377,A,True,True,True,True,False,False,False,False,+33 4 76 84 80 47,True,False,3023.0,
378,B,True,True,True,True,True,False,False,False,+33 2 93 33 02 67,True,False,4565.0,
379,B,True,True,False,False,False,False,False,False,,False,False,,
380,A,True,True,False,False,False,False,False,False,,False,False,,
381,A,True,True,True,True,True,True,True,False,+33 3 51 53 24 49,True,False,3727.0,
382,B,True,True,True,True,True,True,True,True,06 37 55 85 61,True,False,3347.0,
383,B,True,False,False,False,False,False,False,False,,False,False,,
384,B,True,True,False,False,False,False,False,False,,False,False,,
385,B,True,False,False,False,False,False,False,False,,False,False,,
386,B,True,True,True,True,True,True,True,True,07 96 67 23 28,True,False,4476.0,
387,B,True,True,True,True,True,True,True,True,07 97 96 97 87,True,False,3493.0,
388,A,True,False,False,False,False,False,False,False,,False,False,,
389,B,True,True,True,True,False,False,False,False,+33 1 33 47 81 87,True,False,3135.0,
390,A,True,True,True,True,True,True,False,False,04 02 16 14 17,True,True,1101.0,3446.0
391,B,True,True,True,False,False,False,False,False,,False,False,,
392,B,True,True,False,False,False,False,False,False,,False,False,,
393,A,True,True,True,True,True,False,False,False,04 60 50 74 47,True,False,4136.0,
394,B,True,True,False,False,False,False,False,False,,False,False,,
395,A,True,True,True,False,False,False,False,False,,False,False,,
396,B,True,True,True,True,False,False,False,False,+33 6 63 27 78 83,True,False,4395.0,
397,B,True,True,True,True,True,True,True,True,03 83 22 63 81,True,False,3902.0,
398,A,True,True,True,True,False,False,False,False,02 55 90 73 40,True,True,1240.0,3251.0
399,A,True,True,True,True,True,True,True,False,01 62 13 01 14,True,False,3783.0,
400,A,True,True,True,True,False,False,False,False,07 93 77 88 88,True,False,4198.0,
401,B,True,True,True,True,True,True,True,True,04 44 47 50 32,True,False,4417.0,
402,A,True,True,True,True,True,False,False,False,03 34 01 03 88,True,False,3471.0,
403,B,True,True,True,True,False,False,False,False,+33 6 57 16 45 69,True,True,1907.0,3214.0
404,B,True,True,True,False,False,False,False,False,,False,False,,
405,A,True,True,True,True,True,False,False,False,+33 2 60 55 52 02,True,False,4489.0,
406,B,True,False,False,False,False,False,False,False,,False,False,,
407,B,True,True,True,True,True,True,True,True,01 69 80 94 31,True,False,3002.0,
408,B,True,False,False,False,False,False,False,False,,False,False,,
409,A,True,True,True,True,False,False,False,False,+33 2 52 22 71 95,True,True,1379.0,3850.0
410,B,True,True,True,True,True,True,True,True,04 83 84 34 86,True,False,3441.0,
411,B,True,True,False,False,False,False,False,False,,False,False,,
412,B,True,True,True,True,True,True,True,True,01 14 47 87 31,True,False,4789.0,
413,A,True,True,True,True,True,False,False,False,04 02 73 66 57,False,True,,3573.0
414,B,True,True,False,False,False,False,False,False,,False,False,,
415,B,True,True,False,False,False,False,False,False,,False,False,,
416,B,True,True,True,True,True,True,True,True,06 67 21 24 86,True,False,4216.0,
417,A,True,True,False,False,False,False,False,False,,False,False,,
418,B,True,True,True,True,True,False,False,False,+33 2 99 05 45 38,True,True,1605.0,3169.0
419,B,True,True,False,False,False,False,False,False,,False,False,,
420,A,True,True,True,True,True,False,False,False,+33 1 70 39 81 78,True,False,3891.0,
421,A,True,True,False,False,False,False,False,False,,False,False,,
422,B,True,False,False,False,False,False,False,False,,False,False,,
423,A,True,False,False,False,False,False,False,False,,False,False,,
424,B,True,False,False,False,False,False,False,False,,False,False,,
425,B,True,True,True,True,True,True,True,True,+33 3 13 71 31 61,True,False,3162.0,
426,A,True,True,True,True,True,True,True,True,01 15 44 57 11,True,False,3306.0,
427,A,True,True,True,True,True,False,False,False,+33 4 15 67 13 45,True,False,3516.0,
428,B,True,True,True,True,True,True,True,True,+33 6 22 82 76 46,True,False,4920.0,
429,B,True,True,True,True,False,False,False,False,+33 2 42 45 25 00,True,True,1229.0,3861.0
430,B,True,True,True,True,True,True,True,True,07 91 26 52 92,True,True,1330.0,3644.0
431,A,True,True,True,True,False,False,False,False,+33 3 77 93 56 59,True,False,3685.0,
432,B,True,True,True,True,True,True,True,True,07 55 17 91 30,True,False,3239.0,
433,B,True,False,False,False,False,False,False,False,,False,False,,
434,B,True,True,True,False,False,False,False,False,,False,False,,
435,A,True,True,True,True,False,False,False,False,+33 6 56 71 69 15,True,True,1406.0,3971.0
436,B,True,True,False,False,False,False,False,False,,False,False,,
437,B,True,False,False,False,False,False,False,False,,False,False,,
438,A,True,True,True,True,True,False,False,False,07 76 08 76 91,True,False,4484.0,
439,B,True,True,False,False,False,False,False,False,,False,False,,
440,B,True,False,False,False,False,False,False,False,,False,False,,
441,B,True,True,True,True,False,False,False,False,03 09 99 14 75,True,False,4395.0,
442,A,True,True,True,True,True,False,False,False,+33 2 46 10 01 17,True,True,1215.0,3101.0
443,B,True,True,True,True,True,False,False,False,02 23 01 33 92,True,False,3588.0,
444,B,True,False,False,False,False,False,False,False,,False,False,,
445,B,True,True,False,False,False,False,False,False,,False,False,,
446,B,True,True,True,True,True,False,False,False,+33 7 32 30 77 20,True,True,1386.0,3333.0
447,A,True,True,True,True,True,False,False,False,+33 6 26 73 88 81,True,False,3217.0,
448,A,True,True,False,False,False,False,False,False,,False,False,,
449,A,True,True,True,True,True,True,True,True,+33 3 48 39 56 59,True,False,4299.0,
450,B,True,True,True,True,True,True,True,False,+33 2 88 95 12 69,True,True,1871.0,3689.0
451,A,True,True,True,False,False,False,False,False,,False,False,,
452,B,True,True,True,True,True,False,False,False,+33 6 86 00 26 85,True,False,3585.0,
453,A,True,True,True,True,True,True,False,False,01 34 63 31 22,True,True,1916.0,3721.0
454,B,True,True,False,False,False,False,False,False,,False,False,,
455,A,True,True,False,False,False,False,False,False,,False,False,,
456,B,True,True,True,True,False,False,False,False,+33 1 14 39 02 74,True,True,1327.0,3539.0
457,A,True,True,False,False,False,False,False,False,,False,False,,
458,A,True,True,True,True,True,True,False,False,+33 3 98 63 53 46,True,False,4612.0,
459,A,True,True,True,True,True,False,False,False,02 50 05 64 56,True,False,4010.0,
460,A,True,True,True,True,True,False,False,False,01 14 51 15 21,True,True,1911.0,3008.0
461,B,True,True,True,True,True,True,False,False,+33 4 47 44 44 83,True,False,4763.0,
462,B,True,True,True,True,True,True,True,True,01 42 83 71 42,True,True,1219.0,3819.0
463,B,True,True,False,False,False,False,False,False,,False,False,,
464,B,True,True,True,True,False,False,False,False,+33 4 03 77 40 47,True,False,4389.0,
465,A,True,True,True,True,True,False,False,False,+33 1 69 14 72 21,True,False,4892.0,
466,B,True,True,True,True,True,True,True,True,06 41 79 26 14,True,False,3060.0,
467,B,True,True,True,True,True,True,False,False,03 53 03 16 96,True,False,3733.0,
468,B,True,True,True,True,False,False,False,False,07 25 79 25 68,True,True,1747.0,3819.0
469,B,True,True,True,True,True,True,True,True,06 79 06 04 87,True,True,1155.0,3187.0
470,A,True,False,False,False,False,False,False,False,,False,False,,
471,B,True,True,True,False,False,False,False,False,,False,False,,
472,B,True,True,True,True,True,False,False,False,03 37 53 17 30,True,False,3532.0,
473,B,True,True,True,True,True,True,False,False,+33 7 88 59 50 72,True,False,3121.0,
474,A,True,True,True,True,False,False,False,False,+33 3 65 45 86 10,True,True,1868.0,3463.0
475,B,True,True,True,True,True,False,False,False,04 63 42 72 84,True,False,3107.0,
476,B,True,True,True,True,True,False,False,False,02 59 88 50 52,True,False,4071.0,
477,A,True,True,True,True,True,False,False,False,02 24 95 19 45,True,True,1140.0,3485.0
478,A,True,False,False,False,False,False,False,False,,False,False,,
479,B,True,False,False,False,False,False,False,False,,False,False,,
480,A,True,True,False,False,False,False,False,False,,False,False,,
481,B,True,True,True,True,True,True,True,True,+33 1 05 24 22 88,True,False,3868.0,
482,A,True,True,True,True,False,False,False,False,07 99 78 99 68,True,True,1446.0,3117.0
483,B,True,True,True,True,True,True,True,True,+33 2 62 32 52 45,True,False,3838.0,
484,A,True,True,False,False,False,False,False,False,,False,False,,
485,A,True,True,True,True,True,True,True,True,02 67 90 04 30,True,False,4105.0,
486,A,True,True,True,True,True,True,True,True,+33 2 28 82 62 99,True,False,3823.0,
487,A,True,True,False,False,False,False,False,False,,False,False,,
488,B,True,True,True,True,True,True,True,True,01 21 11 13 04,True,True,1654.0,3284.0
489,B,True,True,True,True,True,True,True,True,+33 3 20 04 43 85,True,False,3466.0,
490,B,True,True,False,False,False,False,False,False,,False,False,,
491,A,True,True,True,True,True,True,True,True,02 50 21 94 52,True,False,3770.0,
492,B,True,True,False,False,False,False,False,False,,False,False,,
493,A,True,True,True,True,True,True,False,False,+33 4 00 34 17 02,True,True,1295.0,3461.0
494,B,True,True,True,True,True,True,True,True,01 07 71 70 23,True,False,3191.0,
495,B,True,True,True,True,True,True,True,True,+33 3 31 74 36 15,True,False,4341.0,
496,A,True,True,True,True,True,True,False,False,01 09 61 41 10,True,False,4573.0,
497,A,True,True,False,False,False,False,False,False,,False,False,,
498,B,True,True,True,False,False,False,False,False,,False,False,,
499,B,True,True,True,True,True,True,True,True,+33 1 91 12 10 19,True,True,1487.0,3473.0
500,A,True,True,False,False,False,False,False,False,,False,False,,
501,B,True,False,False,False,False,False,False,False,,False,False,,
502,B,True,False,False,False,False,False,False,False,,False,False,,
503,B,True,True,True,True,True,True,True,False,+33 6 88 76 56 00,True,True,1208.0,3202.0
504,B,True,True,True,True,False,False,False,False,06 28 56 46 96,True,False,4499.0,
505,A,True,False,False,False,False,False,False,False,,False,False,,
506,A,True,True,True,True,True,False,False,False,+33 6 32 95 60 63,True,False,3542.0,
507,B,True,True,True,True,True,True,True,True,+33 6 88 46 67 34,True,True,1909.0,3568.0
508,A,True,True,True,True,True,True,True,True,+33 1 16 80 33 18,True,False,3322.0,
509,A,True,True,False,False,False,False,False,False,,False,False,,
510,B,True,True,False,False,False,False,False,False,,False,False,,
511,B,True,False,False,False,False,False,False,False,,False,False,,
512,A,True,True,True,True,True,True,True,True,01 89 49 26 39,True,False,3737.0,
513,B,True,True,True,True,True,True,True,True,+33 2 46 30 72 97,True,False,3761.0,
514,A,True,True,True,True,True,True,True,False,+33 6 63 66 64 94,True,False,4952.0,
515,A,True,True,True,True,True,False,False,False,06 97 59 55 39,True,True,1937.0,3473.0
516,B,True,False,False,False,False,False,False,False,,False,False,,
517,B,True,True,True,False,False,False,False,False,,False,False,,
518,A,True,True,True,True,True,False,False,False,06 33 24 43 99,True,False,3741.0,
519,B,True,True,False,False,False,False,False,False,,False,False,,
520,A,True,True,False,False,False,False,False,False,,False,False,,
521,A,True,True,True,False,False,False,False,False,,False,False,,
522,B,True,True,True,True,True,True,True,True,01 17 01 22 33,True,False,4518.0,
523,B,True,True,True,True,True,True,False,False,+33 3 16 29 51 89,True,True,1225.0,3425.0
524,B,True,True,True,True,True,True,True,True,06 76 28 66 20,True,False,4545.0,
525,A,True,True,True,True,True,True,True,False,02 23 55 76 62,True,False,4047.0,
526,B,True,False,False,False,False,False,False,False,,False,False,,
527,B,True,True,True,True,False,False,False,False,+33 1 00 08 44 43,True,True,1432.0,3590.0
528,A,True,True,True,False,False,False,False,False,,False,False,,
529,A,True,True,True,True,True,False,False,False,02 22 21 24 37,True,False,3250.0,
530,B,True,True,True,True,True,False,False,False,01 91 08 11 12,True,False,3062.0,
531,A,True,True,True,True,True,True,True,True,+33 7 15 72 87 75,True,False,3812.0,
532,A,True,True,True,True,True,False,False,False,+33 6 44 43 26 36,True,False,3506.0,
533,A,True,True,True,True,True,True,True,True,+33 3 44 72 27 67,True,False,4369.0,
534,A,True,True,True,False,False,False,False,False,,False,False,,
535,A,True,True,True,True,True,True,True,True,+33 6 46 39 96 66,True,False,3849.0,
536,B,True,True,True,True,True,True,True,True,+33 2 61 64 32 05,True,False,4007.0,
537,B,True,True,True,True,True,True,True,True,+33 1 41 71 41 21,True,False,4257.0,
538,A,True,True,True,True,True,False,False,False,+33 3 81 76 03 00,True,False,4019.0,
539,A,True,True,True,True,True,True,True,True,+33 6 23 97 48 66,True,False,3863.0,
540,A,True,True,True,True,True,True,True,True,+33 2 29 24 22 29,True,True,1355.0,3372.0
541,B,True,True,True,False,False,False,False,False,,False,False,,
542,A,True,True,True,True,False,False,False,False,01 11 97 79 71,True,True,1348.0,3027.0
543,B,True,True,False,False,False,False,False,False,,False,False,,
544,A,True,True,True,True,False,False,False,False,07 25 23 93 17,True,False,3811.0,
545,B,True,True,True,True,False,False,False,False,07 88 78 93 29,True,True,1548.0,3367.0
546,B,True,True,True,True,True,False,False,False,03 31 91 58 33,True,False,3086.0,
547,B,True,True,True,True,True,False,False,False,04 55 41 04 60,True,False,4110.0,
548,A,True,True,True,True,True,True,False,False,+33 1 19 71 06 79,True,False,4939.0,
549,B,True,True,True,True,True,False,False,False,03 73 38 34 33,True,False,3183.0,
550,B,True,True,False,False,False,False,False,False,,False,False,,
551,A,True,True,False,False,False,False,False,False,,False,False,,
552,B,True,True,True,True,True,False,False,False,06 39 42 28 34,True,False,4608.0,
553,A,True,True,True,True,False,False,False,False,01 18 88 41 51,True,True,1970.0,3225.0
554,B,True,True,False,False,False,False,False,False,,False,False,,
555,A,True,True,True,True,True,False,False,False,06 20 92 92 25,True,False,4070.0,
556,B,True,True,True,True,True,False,False,False,+33 3 03 87 61 60,True,False,3575.0,
557,B,True,True,True,True,True,True,True,True,+33 4 14 34 50 40,True,False,4045.0,
558,A,True,False,False,False,False,False,False,False,,False,False,,
559,A,True,True,True,True,False,False,False,False,+33 3 07 34 10 30,True,True,1046.0,3887.0
560,B,True,True,True,True,True,False,False,False,+33 2 22 42 25 92,True,True,1771.0,3919.0
561,A,True,True,True,True,True,True,True,False,02 69 11 26 35,True,False,4155.0,
562,A,True,True,True,True,True,True,True,True,+33 4 05 66 21 81,True,False,4324.0,
563,B,True,True,True,True,True,True,True,True,+33 3 43 98 49 93,True,False,3773.0,
564,A,True,True,True,True,True,True,True,True,01 97 84 76 10,True,False,3970.0,
565,A,True,True,True,True,True,False,False,False,02 09 06 23 23,True,False,3648.0,
566,B,True,True,True,True,True,True,True,True,+33 6 14 97 11 15,True,True,1653.0,3803.0
567,A,True,True,True,True,False,False,False,False,+33 3 13 42 44 45,False,True,,3493.0
568,A,True,True,True,True,True,True,True,True,+33 6 64 73 66 62,True,False,3196.0,
569,A,True,True,True,True,True,False,False,False,01 64 77 30 99,True,False,3336.0,
570,A,True,True,True,True,False,False,False,False,06 67 96 32 84,True,True,1550.0,3306.0
571,B,True,True,True,True,True,False,False,False,02 21 14 07 37,True,False,4581.0,
572,B,True,True,False,False,False,False,False,False,,False,False,,
573,A,True,True,False,False,False,False,False,False,,False,False,,
574,A,True,True,False,False,False,False,False,False,,False,False,,
575,A,True,False,False,False,False,False,False,False,,False,False,,
576,B,True,True,True,True,True,True,True,True,+33 3 85 14 93 94,True,False,3221.0,
577,B,True,False,False,False,False,False,False,False,,False,False,,
578,A,True,True,True,True,True,True,True,True,+33 1 27 26 81 12,True,False,4689.0,
579,A,True,True,True,True,True,True,True,True,+33 4 05 18 08 67,True,False,3803.0,
580,B,True,True,True,True,True,False,False,False,+33 6 34 37 48 59,True,False,4431.0,
581,B,True,True,True,True,False,False,False,False,01 69 87 30 62,True,False,3821.0,
582,B,True,True,True,True,True,True,True,True,+33 6 66 62 06 58,True,False,3104.0,
583,B,True,False,False,False,False,False,False,False,,False,False,,
584,A,True,True,True,True,False,False,False,False,06 86 16 58 86,True,False,4221.0,
585,B,True,True,True,True,True,True,True,True,03 51 88 69 80,True,False,3359.0,
586,A,True,True,True,True,True,True,True,True,06 43 78 81 94,True,False,4947.0,
587,A,True,True,True,True,True,False,False,False,02 21 52 89 30,True,False,4702.0,
588,B,True,True,True,True,True,True,True,True,+33 6 82 57 81 66,True,False,3942.0,
589,B,True,True,True,True,True,True,True,True,+33 6 85 88 58 36,True,False,3122.0,
590,B,True,True,True,True,True,True,True,True,+33 1 88 23 54 85,True,False,3959.0,
591,A,True,True,True,True,True,True,True,True,+33 3 31 90 54 56,True,True,1830.0,3612.0
592,A,True,True,True,True,True,False,False,False,+33 3 35 49 96 20,False,True,,3227.0
593,A,True,True,False,False,False,False,False,False,,False,False,,
594,A,True,True,True,True,True,True,True,True,06 06 79 83 79,True,False,4991.0,
595,A,True,True,False,False,False,False,False,False,,False,False,,
596,B,True,True,True,False,False,False,False,False,,False,False,,
597,A,True,True,True,True,True,True,True,True,+33 3 56 21 81 24,True,False,3238.0,
598,A,True,True,True,False,False,False,False,False,,False,False,,
599,A,True,True,False,False,False,False,False,False,,False,False,,
600,A,True,True,True,False,False,False,False,False,,False,False,,
601,B,True,True,True,True,True,True,False,False,01 78 50 01 19,True,False,4481.0,
602,B,True,True,True,False,False,False,False,False,,False,False,,
603,A,True,True,True,True,True,False,False,False,01 14 19 97 89,True,True,1835.0,3104.0
604,A,True,True,True,True,True,True,True,True,+33 2 37 25 46 19,True,False,3740.0,
605,A,True,True,False,False,False,False,False,False,,False,False,,
606,B,True,True,True,True,False,False,False,False,01 51 19 11 87,True,False,3072.0,
607,A,True,True,False,False,False,False,False,False,,False,False,,
608,A,True,True,True,True,True,True,True,True,+33 3 70 58 65 07,True,False,4123.0,
609,B,True,True,False,False,False,False,False,False,,False,False,,
610,B,True,False,False,False,False,False,False,False,,False,False,,
611,A,True,False,False,False,False,False,False,False,,False,False,,
612,A,True,True,True,True,False,False,False,False,+33 6 65 67 24 44,True,False,3337.0,
613,A,True,True,True,True,True,True,True,True,+33 2 88 21 33 39,True,False,3106.0,
614,A,True,True,True,True,True,True,True,True,+33 7 05 15 78 39,True,False,3038.0,
615,B,True,False,False,False,False,False,False,False,,False,False,,
616,A,True,True,True,True,True,True,True,True,+33 2 33 99 14 46,True,False,3969.0,
617,A,True,True,True,True,True,True,True,True,06 39 36 27 56,True,True,1027.0,3892.0
618,B,True,False,False,False,False,False,False,False,,False,False,,
619,B,True,True,True,False,False,False,False,False,,False,False,,
620,B,True,True,False,False,False,False,False,False,,False,False,,
621,A,True,False,False,False,False,False,False,False,,False,False,,
622,A,True,True,True,True,True,True,True,True,+33 7 01 78 61 75,True,False,3154.0,
623,B,True,True,True,True,True,True,True,False,+33 2 70 24 64 92,True,False,4356.0,
624,A,True,True,True,True,True,False,False,False,06 93 86 86 28,True,False,4386.0,
625,A,True,True,True,True,False,False,False,False,01 05 54 49 14,True,False,3269.0,
626,B,True,True,True,True,True,True,True,True,+33 7 87 05 66 85,True,False,3113.0,
627,A,True,True,True,True,False,False,False,False,01 19 79 71 91,False,True,,3807.0
628,B,True,False,False,False,False,False,False,False,,False,False,,
629,A,True,True,True,True,False,False,False,False,04 57 33 00 65,True,False,4036.0,
630,B,True,True,True,True,False,False,False,False,+33 2 50 89 32 82,True,False,3092.0,
631,B,True,True,False,False,False,False,False,False,,False,False,,
632,A,True,True,True,True,True,True,True,True,06 39 22 24 79,True,False,3321.0,
633,A,True,True,True,False,False,False,False,False,,False,False,,
634,B,True,True,False,False,False,False,False,False,,False,False,,
635,A,True,True,True,True,True,False,False,False,03 37 41 31 71,True,True,1418.0,3067.0
636,B,True,True,False,False,False,False,False,False,,False,False,,
637,A,True,True,True,True,True,True,True,True,03 99 70 81 59,True,False,4311.0,
638,B,True,True,False,False,False,False,False,False,,False,False,,
639,B,True,False,False,False,False,False,False,False,,False,False,,
640,B,True,True,True,True,True,True,True,True,06 45 38 79 69,True,True,1136.0,3127.0
641,B,True,True,False,False,False,False,False,False,,False,False,,
642,B,True,True,True,True,True,False,False,False,+33 1 87 08 01 03,True,False,3484.0,
643,A,True,False,False,False,False,False,False,False,,False,False,,
644,B,True,True,True,True,True,True,True,True,01 13 04 38 04,True,False,4064.0,
645,B,True,True,False,False,False,False,False,False,,False,False,,
646,B,True,True,True,True,True,False,False,False,+33 1 14 17 91 14,True,False,3865.0,
647,B,True,True,True,True,True,True,True,True,01 13 11 91 84,True,False,3849.0,
648,B,True,True,True,True,True,False,False,False,+33 3 31 96 82 73,True,False,3985.0,
649,B,True,True,True,True,True,True,True,True,03 58 60 61 09,True,False,4127.0,
650,A,True,True,True,True,True,True,True,True,07 59 87 75 73,True,False,4894.0,
651,B,True,True,True,True,True,True,True,True,+33 3 83 03 73 99,True,False,4220.0,
652,B,True,True,False,False,False,False,False,False,,False,False,,
653,B,True,True,False,False,False,False,False,False,,False,False,,
654,B,True,True,True,True,True,False,False,False,+33 1 01 29 64 11,True,False,3897.0,
655,A,True,True,True,True,True,False,False,False,+33 7 07 57 77 02,True,False,4494.0,
656,A,True,False,False,False,False,False,False,False,,False,False,,
657,A,True,True,True,True,True,True,True,True,01 78 20 13 20,True,False,3010.0,
658,A,True,False,False,False,False,False,False,False,,False,False,,
659,A,True,True,False,False,False,False,False,False,,False,False,,
660,B,True,False,False,False,False,False,False,False,,False,False,,
661,A,True,True,True,True,True,True,True,True,02 22 59 02 32,True,True,1876.0,3364.0
662,B,True,True,True,False,False,False,False,False,,False,False,,
663,A,True,True,True,True,True,True,True,True,+33 6 59 40 45 58,True,False,3593.0,
664,B,True,True,True,True,True,True,True,True,+33 3 33 44 33 60,True,False,4712.0,
665,A,True,True,True,True,False,False,False,False,06 06 48 68 78,True,False,4577.0,
666,B,True,True,True,True,True,True,True,True,07 09 73 21 77,True,True,1077.0,3742.0
667,B,True,True,True,True,True,True,True,True,03 11 09 61 26,True,False,4040.0,
668,B,True,True,True,True,True,True,False,False,+33 1 78 22 32 53,False,True,,3783.0
669,A,True,True,False,False,False,False,False,False,,False,False,,
670,A,True,True,True,False,False,False,False,False,,False,False,,
671,A,True,False,False,False,False,False,False,False,,False,False,,
672,B,True,True,False,False,False,False,False,False,,False,False,,
673,B,True,True,True,True,True,False,False,False,+33 4 50 23 24 43,True,False,3568.0,
674,A,True,True,True,True,True,True,True,True,+33 7 80 03 57 91,True,False,3942.0,
675,B,True,True,True,False,False,False,False,False,,False,False,,
676,B,True,True,False,False,False,False,False,False,,False,False,,
677,B,True,True,False,False,False,False,False,False,,False,False,,
678,B,True,True,False,False,False,False,False,False,,False,False,,
679,B,True,True,True,True,True,True,True,True,+33 2 27 65 99 32,True,False,3149.0,
680,A,True,True,True,True,False,False,False,False,+33 4 24 58 26 30,True,False,4640.0,
681,A,True,False,False,False,False,False,False,False,,False,False,,
682,B,True,True,True,True,False,False,False,False,+33 1 58 74 05 48,True,False,4954.0,
683,B,True,True,True,True,True,False,False,False,+33 1 33 28 86 71,True,False,4906.0,
684,A,True,True,False,False,False,False,False,False,,False,False,,
685,B,True,True,True,True,True,True,True,True,01 47 18 10 90,True,False,4345.0,
686,B,True,False,False,False,False,False,False,False,,False,False,,
687,A,True,False,False,False,False,False,False,False,,False,False,,
688,A,True,True,True,True,True,True,True,True,01 14 38 50 11,True,False,4499.0,
689,B,True,True,True,True,False,False,False,False,+33 6 47 87 52 48,True,False,4296.0,
690,B,True,True,False,False,False,False,False,False,,False,False,,
691,B,True,True,False,False,False,False,False,False,,False,False,,
692,A,True,True,True,True,False,False,False,False,04 72 08 21 88,True,True,1379.0,3628.0
693,A,True,True,True,True,True,True,True,True,04 75 61 03 84,True,False,3372.0,
694,A,True,False,False,False,False,False,False,False,,False,False,,
695,B,True,True,True,True,True,True,True,True,+33 3 13 90 30 31,True,True,1390.0,3784.0
696,A,True,True,False,False,False,False,False,False,,False,False,,
697,B,True,True,False,False,False,False,False,False,,False,False,,
698,B,True,True,True,True,True,False,False,False,01 54 01 41 97,True,False,3794.0,
699,B,True,True,True,True,True,False,False,False,07 75 67 59 26,True,False,4053.0,
700,B,True,False,False,False,False,False,False,False,,False,False,,
701,B,True,True,True,True,True,True,True,True,03 30 96 80 95,True,False,3488.0,
702,A,True,True,True,True,True,True,True,True,04 35 04 46 42,True,True,1219.0,3944.0
703,B,True,True,True,True,True,True,True,True,03 54 39 16 50,True,False,3548.0,
704,A,True,True,True,True,False,False,False,False,+33 7 33 27 76 30,True,False,4852.0,
705,B,True,True,True,True,True,True,True,True,+33 7 37 17 68 07,True,False,3313.0,
706,A,True,True,True,True,True,True,True,False,02 02 04 24 72,True,True,1603.0,3482.0
707,A,True,True,True,True,True,False,False,False,03 00 85 98 53,False,True,,3981.0
708,A,True,True,True,True,True,True,True,True,+33 3 67 31 07 36,True,True,1040.0,3447.0
709,B,True,True,True,True,True,True,True,True,+33 3 06 47 48 86,True,False,3712.0,
710,B,True,True,True,False,False,False,False,False,,False,False,,
711,B,True,True,True,False,False,False,False,False,,False,False,,
712,B,True,True,True,True,True,True,True,True,+33 6 82 78 68 86,True,False,4855.0,
713,B,True,True,True,True,True,False,False,False,06 96 08 68 03,True,False,3437.0,
714,B,True,True,True,True,True,False,False,False,+33 1 78 78 71 10,True,False,4217.0,
715,A,True,True,True,True,False,False,False,False,07 17 71 50 80,True,True,1009.0,3611.0
716,A,True,False,False,False,False,False,False,False,,False,False,,
717,B,True,False,False,False,False,False,False,False,,False,False,,
718,A,True,True,True,True,True,True,True,True,01 71 41 75 23,True,False,4077.0,
719,B,True,False,False,False,False,False,False,False,,False,False,,
720,B,True,True,True,True,True,True,True,True,+33 1 09 34 88 87,True,False,4730.0,
721,B,True,True,True,False,False,False,False,False,,False,False,,
722,A,True,True,True,True,True,False,False,False,02 52 07 27 12,True,False,3293.0,
723,A,True,True,True,True,True,True,True,True,+33 2 41 22 22 06,True,False,3764.0,
724,A,True,True,False,False,False,False,False,False,,False,False,,
725,A,True,True,False,False,False,False,False,False,,False,False,,
726,B,True,True,True,True,True,False,False,False,+33 1 66 70 69 98,True,False,3732.0,
727,B,True,True,False,False,False,False,False,False,,False,False,,
728,B,True,True,False,False,False,False,False,False,,False,False,,
729,A,True,True,True,True,True,True,True,True,+33 1 41 76 31 97,True,True,1741.0,3907.0
730,B,True,False,False,False,False,False,False,False,,False,False,,
731,A,True,True,True,True,True,True,True,True,07 56 69 88 51,True,False,4277.0,
732,A,True,True,True,True,True,False,False,False,02 22 03 21 30,True,False,3172.0,
733,A,True,True,True,True,True,False,False,False,+33 6 66 79 66 48,True,False,4261.0,
734,A,True,True,True,True,True,False,False,False,03 53 03 01 45,True,True,1590.0,3491.0
735,B,True,True,False,False,False,False,False,False,,False,False,,
736,A,True,True,False,False,False,False,False,False,,False,False,,
737,B,True,False,False,False,False,False,False,False,,False,False,,
738,A,True,True,True,True,True,True,True,True,+33 2 12 31 16 76,True,False,4693.0,
739,A,True,True,True,True,True,True,True,True,01 34 31 13 12,True,True,1598.0,3448.0
740,B,True,True,True,True,True,True,True,False,03 93 11 16 31,True,False,4372.0,
741,B,True,True,True,True,True,True,True,True,06 06 42 40 09,False,True,,3120.0
742,A,True,True,False,False,False,False,False,False,,False,False,,
743,B,True,True,False,False,False,False,False,False,,False,False,,
744,A,True,True,True,True,False,False,False,False,+33 4 30 40 31 56,True,False,4987.0,
745,B,True,False,False,False,False,False,False,False,,False,False,,
746,B,True,True,True,True,True,True,False,False,+33 6 93 42 48 94,True,False,4594.0,
747,A,True,True,True,True,True,False,False,False,+33 1 68 61 17 89,True,False,3877.0,
748,B,True,True,True,False,False,False,False,False,,False,False,,
749,A,True,True,True,True,True,False,False,False,+33 2 50 28 13 42,True,False,4598.0,
750,B,True,True,True,False,False,False,False,False,,False,False,,
751,A,True,True,False,False,False,False,False,False,,False,False,,
752,B,True,False,False,False,False,False,False,False,,False,False,,
753,A,True,True,True,True,False,False,False,False,02 12 16 22 29,True,False,4616.0,
754,A,True,True,True,True,True,False,False,False,03 98 69 67 31,True,True,1850.0,3824.0
755,B,True,True,True,True,False,False,False,False,+33 2 06 14 02 07,True,False,3921.0,
756,A,True,True,True,True,True,True,True,True,02 91 46 90 12,True,False,4896.0,
757,B,True,True,True,True,True,True,True,False,+33 3 31 39 03 35,True,False,3629.0,
758,A,True,True,True,True,False,False,False,False,01 14 10 04 21,True,False,4976.0,
759,B,True,True,True,True,True,False,False,False,02 64 56 30 49,False,True,,3606.0
760,B,True,True,False,False,False,False,False,False,,False,False,,
761,B,True,True,False,False,False,False,False,False,,False,False,,
762,B,True,True,True,False,False,False,False,False,,False,False,,
763,B,True,True,True,True,True,True,True,False,+33 1 93 38 28 38,True,False,3222.0,
764,A,True,True,False,False,False,False,False,False,,False,False,,
765,A,True,True,True,True,True,False,False,False,+33 2 57 22 23 22,True,False,4565.0,
766,A,True,True,True,True,True,True,True,True,06 63 62 72 63,False,True,,3300.0
767,A,True,True,True,True,False,False,False,False,02 02 22 04 54,True,True,1044.0,3876.0
768,B,True,False,False,False,False,False,False,False,,False,False,,
769,A,True,True,True,True,True,False,False,False,01 14 13 93 57,True,True,1356.0,3899.0
770,B,True,False,False,False,False,False,False,False,,False,False,,
771,A,True,True,False,False,False,False,False,False,,False,False,,
772,A,True,True,False,False,False,False,False,False,,False,False,,
773,A,True,True,True,False,False,False,False,False,,False,False,,
774,A,True,True,True,True,False,False,False,False,06 06 47 05 95,True,False,4600.0,
775,B,True,True,False,False,False,False,False,False,,False,False,,
776,B,True,True,True,True,True,True,True,True,06 82 32 31 52,True,True,1680.0,3152.0
777,A,True,True,True,True,True,False,False,False,+33 1 81 81 93 13,True,False,3451.0,
778,B,True,True,True,True,True,True,True,True,03 98 43 39 34,True,True,1769.0,3448.0
779,A,True,True,True,True,True,True,True,True,+33 1 63 60 17 31,True,False,4117.0,
780,B,True,False,False,False,False,False,False,False,,False,False,,
781,A,True,True,True,True,True,False,False,False,+33 2 11 12 52 19,True,False,4084.0,
782,B,True,True,True,True,True,True,True,True,+33 6 74 17 46 46,True,False,4390.0,
783,A,True,False,False,False,False,False,False,False,,False,False,,
784,A,True,True,True,True,True,True,True,True,03 69 03 99 13,True,False,3849.0,
785,B,True,True,False,False,False,False,False,False,,False,False,,
786,B,True,True,True,True,False,False,False,False,+33 4 64 33 88 43,False,True,,3975.0
787,B,True,True,False,False,False,False,False,False,,False,False,,
788,B,True,True,False,False,False,False,False,False,,False,False,,
789,A,True,True,True,False,False,False,False,False,,False,False,,
790,B,True,True,False,False,False,False,False,False,,False,False,,
791,A,True,True,True,True,True,True,True,True,+33 7 30 75 73 27,True,False,3591.0,
792,A,True,True,True,False,False,False,False,False,,False,False,,
793,B,True,True,True,True,False,False,False,False,+33 3 89 33 33 33,True,True,1169.0,3066.0
794,B,True,False,False,False,False,False,False,False,,False,False,,
795,A,True,True,True,True,True,True,True,False,07 29 27 69 29,True,False,4215.0,
796,B,True,True,False,False,False,False,False,False,,False,False,,
797,A,True,True,True,True,True,True,True,True,+33 1 08 79 94 01,True,False,4371.0,
798,A,True,True,True,True,True,True,True,True,+33 1 18 11 27 11,True,False,4927.0,
799,A,True,True,False,False,False,False,False,False,,False,False,,
800,A,True,True,True,True,False,False,False,False,+33 4 86 14 31 32,True,False,4134.0,
801,B,True,True,True,True,True,False,False,False,03 22 05 03 30,True,False,3029.0,
802,B,True,True,True,False,False,False,False,False,,False,False,,
803,B,True,True,False,False,False,False,False,False,,False,False,,
804,A,True,True,True,True,True,False,False,False,+33 1 21 98 53 71,True,True,1066.0,3837.0
805,A,True,True,True,True,False,False,False,False,+33 2 69 64 62 16,True,False,3821.0,
806,B,True,True,False,False,False,False,False,False,,False,False,,
807,A,True,True,True,True,True,True,True,True,07 69 13 73 36,True,False,3287.0,
808,B,True,True,True,True,True,False,False,False,+33 1 16 04 33 19,True,False,4746.0,
809,B,True,False,False,False,False,False,False,False,,False,False,,
810,A,True,True,True,True,False,False,False,False,+33 2 82 63 63 55,True,False,4290.0,
811,B,True,True,True,True,True,True,True,True,02 65 44 21 25,True,False,3980.0,
812,B,True,True,True,True,True,True,True,True,04 47 01 44 11,True,False,4980.0,
813,B,True,True,False,False,False,False,False,False,,False,False,,
814,A,True,True,True,True,True,False,False,False,+33 6 25 98 33 31,True,False,3034.0,
815,A,True,True,True,True,False,False,False,False,+33 2 15 02 42 32,True,False,4702.0,
816,B,True,True,True,False,False,False,False,False,,False,False,,
817,B,True,True,True,True,True,True,True,True,+33 2 22 70 96 25,True,False,4315.0,
818,A,True,True,False,False,False,False,False,False,,False,False,,
819,A,True,True,True,True,False,False,False,False,+33 6 65 66 74 59,True,False,4920.0,
820,B,True,True,True,True,True,True,True,True,04 23 82 65 40,True,False,3296.0,
821,A,True,True,True,False,False,False,False,False,,False,False,,
822,B,True,True,True,True,False,False,False,False,+33 1 36 12 00 93,True,False,4019.0,
823,A,True,True,True,True,True,False,False,False,06 25 33 68 85,True,False,3329.0,
824,A,True,True,True,True,False,False,False,False,04 88 40 26 64,True,False,4003.0,
825,B,True,True,True,False,False,False,False,False,,False,False,,
826,B,True,True,True,True,True,True,True,True,06 52 90 92 89,True,False,4237.0,
827,B,True,True,False,False,False,False,False,False,,False,False,,
828,A,True,True,True,True,True,True,False,False,+33 2 83 62 52 23,True,False,4432.0,
829,B,True,False,False,False,False,False,False,False,,False,False,,
830,A,True,True,False,False,False,False,False,False,,False,False,,
831,A,True,True,True,True,True,True,True,True,01 73 19 20 48,True,False,3215.0,
832,B,True,False,False,False,False,False,False,False,,False,False,,
833,B,True,True,True,False,False,False,False,False,,False,False,,
834,A,True,True,True,True,False,False,False,False,+33 6 23 52 48 62,True,False,4958.0,
835,B,True,True,True,True,True,False,False,False,04 24 64 43 73,True,True,1803.0,3955.0
836,A,True,True,True,True,True,True,True,True,07 10 50 92 72,True,False,4477.0,
837,A,True,True,False,False,False,False,False,False,,False,False,,
838,B,True,True,True,True,True,True,True,True,+33 3 76 55 07 13,True,True,1420.0,3833.0
839,B,True,True,False,False,False,False,False,False,,False,False,,
840,A,True,True,True,True,False,False,False,False,07 83 92 75 58,True,False,3727.0,
841,A,True,True,True,True,True,True,True,True,+33 1 20 37 72 48,True,False,4764.0,
842,A,True,True,True,False,False,False,False,False,,False,False,,
843,A,True,True,False,False,False,False,False,False,,False,False,,
844,B,True,True,True,True,True,False,False,False,03 25 62 49 29,True,False,3097.0,
845,A,True,True,False,False,False,False,False,False,,False,False,,
846,A,True,True,True,True,True,False,False,False,+33 2 34 26 95 94,True,True,1326.0,3106.0
847,B,True,True,True,True,True,True,True,True,+33 2 62 52 41 55,True,True,1312.0,3072.0
848,B,True,False,False,False,False,False,False,False,,False,False,,
849,A,True,True,True,True,True,True,True,True,+33 1 30 31 45 49,True,False,4466.0,
850,B,True,True,False,False,False,False,False,False,,False,False,,
851,A,True,True,True,True,False,False,False,False,+33 2 91 82 23 96,True,True,1067.0,3300.0
852,A,True,False,False,False,False,False,False,False,,False,False,,
853,A,True,True,True,False,False,False,False,False,,False,False,,
854,A,True,False,False,False,False,False,False,False,,False,False,,
855,B,True,False,False,False,False,False,False,False,,False,False,,
856,A,True,True,False,False,False,False,False,False,,False,False,,
857,A,True,True,True,True,True,True,True,True,+33 7 51 33 63 57,True,False,3124.0,
858,B,True,False,False,False,False,False,False,False,,False,False,,
859,B,True,True,True,True,True,True,True,True,+33 2 04 93 09 58,True,False,3187.0,
860,B,True,True,True,True,False,False,False,False,+33 2 02 72 13 57,True,False,3339.0,
861,B,True,True,False,False,False,False,False,False,,False,False,,
862,B,True,False,False,False,False,False,False,False,,False,False,,
863,B,True,True,True,True,True,True,True,True,06 92 39 72 77,True,False,4535.0,
864,B,True,True,False,False,False,False,False,False,,False,False,,
865,B,True,True,True,True,True,False,False,False,03 89 25 86 14,True,False,3703.0,
866,A,True,True,True,True,True,True,True,True,+33 1 29 51 12 00,True,True,1135.0,3886.0
867,B,True,False,False,False,False,False,False,False,,False,False,,
868,A,True,True,True,True,True,False,False,False,+33 1 11 69 18 48,False,True,,3048.0
869,B,True,True,True,True,True,False,False,False,+33 1 91 10 44 32,True,True,1761.0,3276.0
870,B,True,True,False,False,False,False,False,False,,False,False,,
871,A,True,True,True,False,False,False,False,False,,False,False,,
872,A,True,True,True,False,False,False,False,False,,False,False,,
873,A,True,True,False,False,False,False,False,False,,False,False,,
874,A,True,True,True,True,True,True,False,False,04 55 51 82 47,True,False,4921.0,
875,A,True,True,True,False,False,False,False,False,,False,False,,
876,A,True,True,True,True,True,False,False,False,03 33 30 62 01,True,False,4611.0,
877,A,True,True,True,True,True,False,False,False,01 15 71 32 85,True,False,4694.0,
878,A,True,True,True,True,False,False,False,False,+33 3 31 17 93 86,True,False,4061.0,
879,A,True,True,False,False,False,False,False,False,,False,False,,
880,A,True,True,True,True,True,True,False,False,01 19 44 32 66,True,False,3074.0,
881,A,True,True,True,True,True,True,True,True,01 25 81 48 80,True,False,4714.0,
882,A,True,True,False,False,False,False,False,False,,False,False,,
883,A,True,True,True,True,False,False,False,False,01 66 71 96 11,True,False,4596.0,
884,A,True,True,True,True,True,True,True,True,+33 6 44 85 68 84,True,False,4666.0,
885,B,True,True,True,True,True,False,False,False,02 32 30 24 42,True,False,4500.0,
886,A,True,False,False,False,False,False,False,False,,False,False,,
887,B,True,True,True,True,False,False,False,False,+33 2 46 19 62 69,True,False,4737.0,
888,A,True,False,False,False,False,False,False,False,,False,False,,
889,B,True,False,False,False,False,False,False,False,,False,False,,
890,B,True,True,True,True,False,False,False,False,+33 3 95 97 09 45,False,True,,3242.0
891,A,True,True,True,False,False,False,False,False,,False,False,,
892,B,True,False,False,False,False,False,False,False,,False,False,,
893,A,True,True,False,False,False,False,False,False,,False,False,,
894,B,True,True,False,False,False,False,False,False,,False,False,,
895,B,True,False,False,False,False,False,False,False,,False,False,,
896,B,True,True,False,False,False,False,False,False,,False,False,,
897,B,True,True,True,True,True,True,True,False,+33 2 96 40 42 91,True,False,4328.0,
898,B,True,True,True,True,True,False,False,False,03 17 45 91 66,True,False,4914.0,
899,B,True,False,False,False,False,False,False,False,,False,False,,
900,A,True,True,False,False,False,False,False,False,,False,False,,
901,B,True,True,True,True,True,True,True,False,03 92 99 22 05,True,True,1058.0,3218.0
902,B,True,True,True,True,True,True,True,True,06 39 90 09 20,True,False,4277.0,
903,B,True,True,True,True,True,True,True,True,02 30 67 91 64,True,False,3360.0,
904,B,True,True,False,False,False,False,False,False,,False,False,,
905,A,True,True,True,True,True,True,True,True,01 18 13 03 79,True,False,4830.0,
906,B,True,True,True,True,True,True,True,True,+33 2 21 46 03 53,True,False,4810.0,
907,A,True,True,True,True,True,True,True,True,+33 2 02 22 00 49,True,True,1111.0,3921.0
908,A,True,True,True,False,False,False,False,False,,False,False,,
909,B,True,True,True,True,True,True,False,False,06 72 78 35 08,True,False,4007.0,
910,B,True,True,True,True,True,False,False,False,+33 1 19 35 13 83,False,True,,3123.0
911,B,True,True,True,True,True,True,True,True,06 32 99 76 24,True,True,1920.0,3161.0
912,A,True,True,True,True,True,True,False,False,03 08 34 36 95,True,True,1590.0,3922.0
913,B,True,True,True,True,True,False,False,False,+33 3 38 65 74 11,True,False,4225.0,
914,B,True,True,True,True,False,False,False,False,+33 2 93 54 17 06,True,False,4661.0,
915,B,True,True,True,True,True,True,True,True,+33 1 83 21 29 80,True,False,3576.0,
916,B,True,True,False,False,False,False,False,False,,False,False,,
917,A,True,True,True,True,True,True,True,True,+33 1 11 15 01 20,True,False,4519.0,
918,A,True,True,True,True,False,False,False,False,+33 4 84 84 73 32,True,False,4100.0,
919,B,True,True,True,True,False,False,False,False,04 05 74 60 31,True,False,4147.0,
920,A,True,True,True,True,True,True,True,True,+33 3 37 37 67 11,True,False,4448.0,
921,B,True,True,True,True,False,False,False,False,+33 2 23 46 88 64,True,False,3631.0,
922,A,True,True,True,True,True,True,True,True,+33 6 57 33 87 53,False,True,,3441.0
923,B,True,True,True,False,False,False,False,False,,False,False,,
924,B,True,True,True,True,True,True,True,True,+33 3 48 33 51 88,True,False,4547.0,
925,B,True,True,False,False,False,False,False,False,,False,False,,
926,A,True,True,True,False,False,False,False,False,,False,False,,
927,A,True,True,True,True,True,True,True,True,01 11 31 16 94,True,False,3350.0,
928,B,True,True,True,True,True,False,False,False,+33 6 12 92 81 24,True,False,3968.0,
929,B,True,False,False,False,False,False,False,False,,False,False,,
930,B,True,True,False,False,False,False,False,False,,False,False,,
931,B,True,True,True,True,True,True,True,True,+33 7 72 72 77 58,True,False,3156.0,
932,A,True,True,True,True,True,True,True,True,02 70 05 20 31,True,False,4085.0,
933,A,True,True,True,True,False,False,False,False,02 60 10 05 14,True,False,3767.0,
934,A,True,True,True,True,True,False,False,False,02 20 76 22 93,True,True,1082.0,3254.0
935,B,True,True,True,True,True,True,False,False,06 71 92 46 72,True,True,1885.0,3563.0
936,B,True,True,True,True,False,False,False,False,04 41 84 41 34,True,False,3941.0,
937,A,True,True,True,True,True,True,True,True,06 31 63 62 61,True,False,4243.0,
938,A,True,True,True,True,True,False,False,False,+33 1 59 87 15 97,True,False,4434.0,
939,A,True,True,True,True,True,False,False,False,03 30 57 63 06,True,False,4015.0,
940,B,True,False,False,False,False,False,False,False,,False,False,,
941,B,True,True,True,False,False,False,False,False,,False,False,,
942,A,True,True,True,True,True,True,True,True,+33 3 99 63 88 84,True,False,4927.0,
943,B,True,True,True,True,True,True,True,True,+33 3 83 70 17 16,True,False,3965.0,
944,A,True,False,False,False,False,False,False,False,,False,False,,
945,B,True,True,True,True,True,True,True,True,+33 3 63 31 63 66,True,False,3001.0,
946,B,True,True,True,True,True,True,True,True,07 71 29 77 37,True,True,1377.0,3214.0
947,A,True,True,False,False,False,False,False,False,,False,False,,
948,B,True,True,True,True,True,True,True,False,+33 4 34 14 52 43,True,False,3647.0,
949,A,True,True,True,True,True,True,True,True,03 50 02 81 70,True,False,3011.0,
950,B,True,True,True,True,True,True,True,False,03 78 61 90 92,True,False,3628.0,
951,A,True,True,False,False,False,False,False,False,,False,False,,
952,B,True,True,True,True,True,True,True,True,+33 2 42 63 11 31,True,False,4308.0,
953,B,True,True,True,True,True,True,True,True,+33 3 65 91 59 02,True,False,4281.0,
954,B,True,True,True,True,True,True,True,True,+33 3 36 95 46 60,True,False,3818.0,
955,B,True,True,True,True,True,True,True,True,02 24 86 42 82,True,False,3183.0,
956,A,True,True,False,False,False,False,False,False,,False,False,,
957,A,True,True,True,True,True,False,False,False,07 86 35 16 56,True,False,4559.0,
958,B,True,True,True,True,True,True,True,True,01 87 12 22 03,True,False,4477.0,
959,B,True,True,True,True,True,True,True,True,03 61 72 42 45,False,True,,3167.0
960,A,True,True,True,True,True,False,False,False,+33 2 19 26 37 92,True,False,3255.0,
961,B,True,True,False,False,False,False,False,False,,False,False,,
962,A,True,True,True,True,True,True,True,True,+33 4 03 32 48 03,True,False,3176.0,
963,A,True,True,True,True,True,False,False,False,03 81 95 79 93,True,False,4124.0,
964,B,True,True,True,True,True,True,True,True,+33 1 25 71 54 17,True,True,1454.0,3289.0
965,A,True,True,True,True,True,True,True,True,06 45 30 92 65,True,False,4410.0,
966,A,True,True,True,True,True,True,True,True,+33 6 79 47 63 60,True,False,4698.0,
967,B,True,True,True,True,False,False,False,False,+33 4 06 62 27 41,True,False,4640.0,
968,A,True,True,True,True,True,True,True,True,04 57 25 71 64,True,False,3551.0,
969,B,True,True,True,False,False,False,False,False,,False,False,,
970,B,True,True,True,True,True,False,False,False,01 41 97 74 10,True,False,4712.0,
971,B,True,True,True,True,True,True,True,True,02 76 34 25 42,True,False,3097.0,
972,B,True,True,True,True,True,True,True,True,+33 7 70 71 96 31,True,True,1513.0,3851.0
973,A,True,True,True,True,True,True,True,True,02 26 22 72 09,True,False,3023.0,
974,B,True,True,False,False,False,False,False,False,,False,False,,
975,A,True,True,True,True,True,False,False,False,+33 3 96 10 73 43,True,False,4151.0,
976,B,True,True,True,True,True,True,True,True,+33 6 82 96 76 65,True,True,1181.0,3271.0
977,B,True,False,False,False,False,False,False,False,,False,False,,
978,A,True,True,True,True,True,True,True,True,04 47 70 73 45,True,False,4544.0,
979,A,True,True,True,True,True,True,True,True,+33 3 69 19 51 50,True,False,3153.0,
980,B,True,True,False,False,False,False,False,False,,False,False,,
981,B,True,True,True,True,True,True,True,True,06 21 96 35 67,True,False,3815.0,
982,A,True,False,False,False,False,False,False,False,,False,False,,
983,B,True,True,False,False,False,False,False,False,,False,False,,
984,B,True,True,False,False,False,False,False,False,,False,False,,
985,B,True,True,False,False,False,False,False,False,,False,False,,
986,A,True,True,True,True,True,True,False,False,+33 6 92 98 81 76,True,False,4394.0,
987,B,True,True,True,False,False,False,False,False,,False,False,,
988,B,True,True,True,True,True,True,True,True,+33 6 52 95 63 39,True,False,4209.0,
989,A,True,False,False,False,False,False,False,False,,False,False,,
990,B,True,True,True,True,False,False,False,False,07 52 62 65 59,True,False,3885.0,
991,B,True,False,False,False,False,False,False,False,,False,False,,
992,A,True,False,False,False,False,False,False,False,,False,False,,
993,A,True,True,True,True,True,False,False,False,+33 2 60 30 36 56,True,True,1603.0,3092.0
994,A,True,True,False,False,False,False,False,False,,False,False,,
995,B,True,False,False,False,False,False,False,False,,False,False,,
996,B,True,True,True,True,False,False,False,False,02 39 54 04 74,True,True,1448.0,3214.0
997,A,True,True,True,True,True,False,False,False,+33 3 96 10 36 66,True,True,1428.0,3206.0
998,A,True,True,True,True,True,False,False,False,03 34 22 56 03,True,False,4961.0,
999,A,True,True,True,True,True,False,False,False,01 12 14 51 10,True,False,3269.0,
